image,width,height,class
gond0.jpeg,471,625,gond
gond1.jpeg,1200,900,gond
gond10.jpg,1222,1500,gond
gond100.jpeg,674,933,gond
gond11.jpg,1008,1200,gond
gond12.png,600,600,gond
gond13.jpg,523,720,gond
gond14.jpg,500,600,gond
gond15.jpg,640,444,gond
gond16.jpg,650,650,gond
gond17.jpg,500,600,gond
gond18.jpeg,474,632,gond
gond19.png,1445,1445,gond
gond2.jpg,514,708,gond
gond20.jpg,500,600,gond
gond21.jpeg,805,1000,gond
gond22.jpg,2000,2000,gond
gond23.jpg,800,800,gond
gond24.webp,800,820,gond
gond25.jpg,409,500,gond
gond26.jpg,736,1045,gond
gond27.jpg,439,500,gond
gond28.jpg,1200,1200,gond
gond29.jpg,500,600,gond
gond3.jpg,960,540,gond
gond30.jpg,1338,1738,gond
gond31.jpg,1200,1200,gond
gond32.jpg,1200,1200,gond
gond33.jpg,500,600,gond
gond34.jpg,1006,1006,gond
gond35.jpg,899,565,gond
gond36.jpg,899,565,gond
gond37.jpg,800,1110,gond
gond38.jpg,549,309,gond
gond39.jpg,700,700,gond
gond4.jpeg,692,1000,gond
gond40.jpg,711,1024,gond
gond41.jpg,1024,1379,gond
gond42.jpg,2923,3654,gond
gond43.jpg,1000,1000,gond
gond44.png,888,1161,gond
gond45.jpg,1006,1006,gond
gond46.jpg,896,1280,gond
gond47.jpg,1975,2560,gond
gond48.jpg,1823,2560,gond
gond49.jpg,1000,1000,gond
gond5.jpg,1500,1500,gond
gond50.jpg,700,760,gond
gond51.jpg,512,512,gond
gond52.jpg,512,512,gond
gond53.jpg,466,700,gond
gond54.jpg,845,435,gond
gond55.jpg,845,435,gond
gond56.jpg,845,435,gond
gond57.jpg,845,435,gond
gond58.jpg,500,750,gond
gond59.jpg,1200,1200,gond
gond6.jpg,898,1500,gond
gond60.jpg,800,600,gond
gond61.jpg,1080,1260,gond
gond62.jpg,1080,1260,gond
gond63.jpg,500,600,gond
gond64.jpg,660,400,gond
gond65.jpg,960,1280,gond
gond66.jpg,964,1366,gond
gond67.jpg,1039,1234,gond
gond68.jpg,1200,900,gond
gond69.jpg,383,500,gond
gond7.jpg,1172,1500,gond
gond70.jpg,1892,2953,gond
gond71.png,1000,600,gond
gond72.gif,1000,1325,gond
gond73.gif,1000,1325,gond
gond74.jpg,811,1024,gond
gond75.jpg,659,917,gond
gond76.jpeg,955,1363,gond
gond77.jpg,1065,1080,gond
gond78.jpg,570,812,gond
gond79.jpg,1024,684,gond
gond8.jpg,1500,845,gond
gond80.jpg,1124,810,gond
gond81.jpg,1676,2350,gond
gond82.jpg,1675,2344,gond
gond83.jpg,463,650,gond
gond84.jpg,580,780,gond
gond85.jpg,2329,2560,gond
gond86.jpg,1920,1440,gond
gond88.png,812,1141,gond
gond89.jpeg,2000,2000,gond
gond9.jpg,500,600,gond
gond90.jpg,800,424,gond
gond91.jpg,899,565,gond
gond92.jpg,800,1067,gond
gond93.jpg,800,1067,gond
gond94.jpg,800,1067,gond
gond95.jpg,500,667,gond
gond96.jpg,800,1154,gond
gond97.jpg,899,565,gond
gond98.jpg,500,600,gond
gond99.png,750,1030,gond
kalighat0.jpeg,640,616,kalighat
kalighat1.jpeg,266,432,kalighat
kalighat10.jpg,520,520,kalighat
kalighat100.jpeg,686,560,kalighat
kalighat101.jpeg,700,347,kalighat
kalighat102.jpeg,700,490,kalighat
kalighat103.jpg,400,680,kalighat
kalighat104.jpg,800,1067,kalighat
kalighat105.jpg,647,668,kalighat
kalighat106.png,800,800,kalighat
kalighat107.jpg,400,533,kalighat
kalighat108.jpg,945,945,kalighat
kalighat109.webp,1024,819,kalighat
kalighat11.jpg,650,650,kalighat
kalighat110.jpg,800,800,kalighat
kalighat111.jpg,936,1280,kalighat
kalighat112.jpg,610,954,kalighat
kalighat113.jpg,1200,600,kalighat
kalighat114.jpg,703,1103,kalighat
kalighat115.jpg,1500,2000,kalighat
kalighat116.webp,365,600,kalighat
kalighat117.png,818,1310,kalighat
kalighat118.jpg,686,1069,kalighat
kalighat119.jpg,393,700,kalighat
kalighat12.jpg,533,533,kalighat
kalighat120.jpg,320,236,kalighat
kalighat121.jpg,640,970,kalighat
kalighat122.jpg,844,1390,kalighat
kalighat123.jpg,960,1200,kalighat
kalighat124.png,939,1408,kalighat
kalighat125.jpg,750,1000,kalighat
kalighat126.jpg,270,321,kalighat
kalighat127.webp,1200,675,kalighat
kalighat128.jpg,304,480,kalighat
kalighat129.jpg,810,810,kalighat
kalighat13.jpg,720,862,kalighat
kalighat130.jpg,927,1280,kalighat
kalighat131.png,1920,1080,kalighat
kalighat132.jpg,570,427,kalighat
kalighat133.jpg,570,456,kalighat
kalighat134.jpg,1600,1331,kalighat
kalighat135.jpg,246,300,kalighat
kalighat136.jpg,707,522,kalighat
kalighat137.jpg,600,600,kalighat
kalighat138.jpg,680,757,kalighat
kalighat139.jpg,487,742,kalighat
kalighat14.jpeg,850,605,kalighat
kalighat140.jpg,2131,3400,kalighat
kalighat141.jpg,2281,3400,kalighat
kalighat142.jpg,2129,3400,kalighat
kalighat143.jpg,2987,3400,kalighat
kalighat144.jpg,425,500,kalighat
kalighat145.jpg,701,1035,kalighat
kalighat146.jpg,550,900,kalighat
kalighat147.jpg,611,900,kalighat
kalighat148.jpg,592,900,kalighat
kalighat149.jpg,612,900,kalighat
kalighat15.jpeg,718,1000,kalighat
kalighat150.jpg,1007,1390,kalighat
kalighat151.jpg,727,1024,kalighat
kalighat152.jpg,660,416,kalighat
kalighat153.jpg,466,699,kalighat
kalighat154.jpg,466,700,kalighat
kalighat155.jpg,466,699,kalighat
kalighat156.jpg,466,699,kalighat
kalighat157.jpeg,1134,1600,kalighat
kalighat158.jpg,690,953,kalighat
kalighat159.jpg,1100,600,kalighat
kalighat16.jpg,1440,2210,kalighat
kalighat160.jpg,700,550,kalighat
kalighat161.jpg,799,418,kalighat
kalighat162.jpg,406,406,kalighat
kalighat163.jpg,406,406,kalighat
kalighat164.jpg,570,570,kalighat
kalighat165.jpg,854,1390,kalighat
kalighat166.jpg,673,1100,kalighat
kalighat167.jpg,1019,1280,kalighat
kalighat168.jpg,782,1253,kalighat
kalighat169.webp,550,550,kalighat
kalighat17.jpg,1440,2252,kalighat
kalighat170.png,600,600,kalighat
kalighat171.jpg,293,470,kalighat
kalighat172.jpg,668,1032,kalighat
kalighat173.webp,550,550,kalighat
kalighat174.jpg,1060,1354,kalighat
kalighat175.jpg,1600,900,kalighat
kalighat176.jpg,708,1024,kalighat
kalighat177.jpg,166,250,kalighat
kalighat178.jpg,828,1108,kalighat
kalighat179.jpg,828,600,kalighat
kalighat18.jpg,1440,2091,kalighat
kalighat180.png,550,350,kalighat
kalighat181.webp,759,1646,kalighat
kalighat182.webp,759,720,kalighat
kalighat183.png,675,1007,kalighat
kalighat184.jpg,713,1050,kalighat
kalighat185.jpg,584,900,kalighat
kalighat186.jpg,575,900,kalighat
kalighat187.jpeg,977,1280,kalighat
kalighat188.jpg,550,340,kalighat
kalighat189.jpg,200,275,kalighat
kalighat19.jpg,1080,1260,kalighat
kalighat190.jpg,1000,1325,kalighat
kalighat191.jpg,1000,1325,kalighat
kalighat192.jpg,3201,1024,kalighat
kalighat193.jpg,906,1200,kalighat
kalighat194.png,1000,1325,kalighat
kalighat195.png,1000,1325,kalighat
kalighat196.jpg,1000,1325,kalighat
kalighat197.jpg,1000,1325,kalighat
kalighat198.jpg,1024,812,kalighat
kalighat199.jpg,828,1024,kalighat
kalighat2.jpeg,751,1280,kalighat
kalighat20.jpg,1080,1260,kalighat
kalighat200.jpg,1024,1022,kalighat
kalighat201.jpg,296,466,kalighat
kalighat202.jpg,800,1048,kalighat
kalighat203.jpg,1140,1493,kalighat
kalighat204.jpg,377,499,kalighat
kalighat205.jpg,1000,1325,kalighat
kalighat206.jpg,719,1143,kalighat
kalighat207.webp,367,600,kalighat
kalighat208.jpg,935,1400,kalighat
kalighat209.jpg,1400,1057,kalighat
kalighat21.jpg,600,650,kalighat
kalighat210.jpg,800,1289,kalighat
kalighat211.jpeg,343,506,kalighat
kalighat212.jpeg,343,503,kalighat
kalighat213.jpeg,343,532,kalighat
kalighat214.jpeg,343,538,kalighat
kalighat215.jpg,1280,720,kalighat
kalighat216.jpg,1000,1000,kalighat
kalighat217.jpg,320,324,kalighat
kalighat218.jpg,640,914,kalighat
kalighat219.jpeg,960,1280,kalighat
kalighat22.jpg,1920,1080,kalighat
kalighat220.jpg,800,800,kalighat
kalighat222.jpg,841,1199,kalighat
kalighat223.jpg,504,734,kalighat
kalighat224.jpeg,900,1280,kalighat
kalighat226.jpg,1408,516,kalighat
kalighat227.jpg,316,410,kalighat
kalighat228.jpg,400,620,kalighat
kalighat23.png,600,600,kalighat
kalighat230.jpg,360,500,kalighat
kalighat231.jpg,379,500,kalighat
kalighat232.jpg,477,800,kalighat
kalighat233.jpg,1200,1600,kalighat
kalighat234.jpg,1200,1600,kalighat
kalighat235.jpg,1200,1600,kalighat
kalighat236.jpeg,520,1280,kalighat
kalighat237.jpeg,500,667,kalighat
kalighat238.jpg,640,480,kalighat
kalighat239.jpg,375,612,kalighat
kalighat24.png,600,600,kalighat
kalighat240.jpg,316,612,kalighat
kalighat241.jpg,1200,1600,kalighat
kalighat242.jpg,1200,1600,kalighat
kalighat243.jpg,1200,1600,kalighat
kalighat244.webp,280,420,kalighat
kalighat245.jpg,705,1024,kalighat
kalighat246.png,769,1200,kalighat
kalighat247.jpg,897,768,kalighat
kalighat25.jpeg,498,280,kalighat
kalighat26.jpg,1400,1400,kalighat
kalighat27.jpeg,820,1149,kalighat
kalighat28.jpg,520,520,kalighat
kalighat29.jpeg,2416,3200,kalighat
kalighat3.jpeg,783,1280,kalighat
kalighat30.jpg,515,600,kalighat
kalighat31.jpg,900,1200,kalighat
kalighat32.jpg,480,480,kalighat
kalighat33.png,1400,788,kalighat
kalighat34.jpg,600,650,kalighat
kalighat35.jpg,436,640,kalighat
kalighat36.jpg,377,640,kalighat
kalighat37.jpg,1040,1300,kalighat
kalighat38.png,533,533,kalighat
kalighat39.jpg,450,450,kalighat
kalighat4.jpg,600,600,kalighat
kalighat40.jpg,243,351,kalighat
kalighat41.jpeg,266,430,kalighat
kalighat42.jpg,590,1024,kalighat
kalighat43.jpg,270,419,kalighat
kalighat44.png,1445,1445,kalighat
kalighat45.png,1946,1946,kalighat
kalighat46.png,700,700,kalighat
kalighat47.png,548,786,kalighat
kalighat48.jpg,480,720,kalighat
kalighat49.jpg,1262,1600,kalighat
kalighat5.jpg,236,198,kalighat
kalighat50.jpg,480,720,kalighat
kalighat51.jpg,300,450,kalighat
kalighat52.gif,611,468,kalighat
kalighat53.jpg,413,640,kalighat
kalighat54.jpg,909,1277,kalighat
kalighat55.jpg,900,1136,kalighat
kalighat56.jpg,885,1247,kalighat
kalighat57.jpg,873,1187,kalighat
kalighat58.jpeg,772,1000,kalighat
kalighat59.png,700,700,kalighat
kalighat6.jpg,800,1000,kalighat
kalighat60.jpg,900,1073,kalighat
kalighat61.jpg,1024,1024,kalighat
kalighat62.jpg,1280,1593,kalighat
kalighat63.jpg,600,650,kalighat
kalighat64.jpg,3000,3000,kalighat
kalighat65.jpg,540,630,kalighat
kalighat66.jpeg,1000,1000,kalighat
kalighat67.jpeg,1000,1000,kalighat
kalighat68.jpeg,1000,1000,kalighat
kalighat69.jpeg,1000,1000,kalighat
kalighat7.jpg,800,1000,kalighat
kalighat70.webp,800,582,kalighat
kalighat71.jpg,864,1292,kalighat
kalighat72.jpg,864,1292,kalighat
kalighat73.jpg,864,1292,kalighat
kalighat74.jpg,550,340,kalighat
kalighat75.jpg,1174,600,kalighat
kalighat76.jpg,680,850,kalighat
kalighat77.jpeg,1456,816,kalighat
kalighat78.jpeg,1024,1024,kalighat
kalighat79.png,512,512,kalighat
kalighat8.jpeg,593,768,kalighat
kalighat80.jpg,800,1326,kalighat
kalighat81.jpg,800,1326,kalighat
kalighat82.jpg,800,1288,kalighat
kalighat83.jpg,800,1325,kalighat
kalighat84.jpg,800,1099,kalighat
kalighat85.jpg,500,662,kalighat
kalighat86.jpg,2304,1536,kalighat
kalighat87.jpg,2304,1536,kalighat
kalighat88.jpg,756,1050,kalighat
kalighat89.jpg,511,720,kalighat
kalighat9.jpeg,754,1000,kalighat
kalighat90.jpg,474,720,kalighat
kalighat91.jpeg,960,1366,kalighat
kalighat92.jpg,720,901,kalighat
kalighat93.jpeg,978,1280,kalighat
kalighat94.jpg,669,1005,kalighat
kalighat95.jpg,380,619,kalighat
kalighat96.jpg,500,967,kalighat
kalighat97.jpeg,422,570,kalighat
kalighat98.jpg,700,1000,kalighat
kalighat99.jpg,883,1200,kalighat
kangra0.jpg,2291,1286,kangra
kangra1.jpg,469,653,kangra
kangra10.jpeg,450,638,kangra
kangra11.jpg,337,480,kangra
kangra12.jpg,800,705,kangra
kangra13.jpg,500,660,kangra
kangra14.jpg,341,550,kangra
kangra15.jpg,713,713,kangra
kangra16.jpg,382,500,kangra
kangra17.jpg,1414,2018,kangra
kangra18.jpg,3130,1959,kangra
kangra19.jpg,550,340,kangra
kangra2.jpg,1080,1260,kangra
kangra20.jpg,770,1026,kangra
kangra21.jpg,1412,2014,kangra
kangra22.jpg,1383,1400,kangra
kangra23.jpg,900,900,kangra
kangra24.jpg,1300,1103,kangra
kangra25.jpg,3733,2587,kangra
kangra26.png,600,888,kangra
kangra27.png,600,888,kangra
kangra28.jpg,887,1280,kangra
kangra29.jpg,887,1280,kangra
kangra3.jpg,768,495,kangra
kangra30.jpg,1024,683,kangra
kangra31.jpg,500,764,kangra
kangra32.jpg,550,806,kangra
kangra33.jpg,850,550,kangra
kangra34.jpg,850,550,kangra
kangra35.jpg,716,1024,kangra
kangra36.png,850,852,kangra
kangra37.jpg,774,1024,kangra
kangra39.jpg,800,510,kangra
kangra4.jpg,1500,903,kangra
kangra40.jpg,770,902,kangra
kangra41.jpg,840,1024,kangra
kangra42.jpg,550,850,kangra
kangra43.jpeg,713,1000,kangra
kangra44.jpg,570,1013,kangra
kangra45.jpg,1100,1688,kangra
kangra46.jpg,1021,1400,kangra
kangra47.jpg,898,1390,kangra
kangra48.jpeg,3301,2477,kangra
kangra49.jpg,587,400,kangra
kangra5.jpg,2374,3721,kangra
kangra50.jpg,1280,974,kangra
kangra51.jpg,550,340,kangra
kangra52.jpg,550,340,kangra
kangra53.jpg,550,340,kangra
kangra54.jpg,917,436,kangra
kangra55.jpeg,721,955,kangra
kangra56.jpg,1024,773,kangra
kangra57.JPG,550,723,kangra
kangra58.JPG,500,642,kangra
kangra59.jpg,1100,756,kangra
kangra6.jpg,465,640,kangra
kangra60.jpg,500,451,kangra
kangra61.jpg,1000,1000,kangra
kangra62.jpg,1695,1860,kangra
kangra63.jpeg,343,486,kangra
kangra64.jpg,552,552,kangra
kangra65.jpg,848,1390,kangra
kangra66.jpg,448,612,kangra
kangra67.jpg,766,519,kangra
kangra68.png,600,888,kangra
kangra69.jpg,600,800,kangra
kangra7.jpg,660,880,kangra
kangra70.jpg,500,665,kangra
kangra72.jpg,600,400,kangra
kangra73.jpg,1000,658,kangra
kangra74.jpeg,869,1000,kangra
kangra75.png,400,500,kangra
kangra76.jpeg,1000,983,kangra
kangra77.jpg,887,1280,kangra
kangra78.jpg,474,698,kangra
kangra79.jpg,442,736,kangra
kangra8.jpeg,660,426,kangra
kangra80.jpeg,1000,994,kangra
kangra81.jpg,1000,1000,kangra
kangra82.jpg,1055,1400,kangra
kangra83.jpg,449,600,kangra
kangra84.jpg,768,495,kangra
kangra85.jpeg,1042,436,kangra
kangra86.jpg,550,850,kangra
kangra87.jpeg,990,1000,kangra
kangra88.jpg,657,960,kangra
kangra9.jpg,220,304,kangra
kerala0.jpg,700,1000,kerala
kerala1.jpg,800,352,kerala
kerala10.jpg,812,887,kerala
kerala11.jpg,774,1024,kerala
kerala12.jpg,455,600,kerala
kerala13.jpg,709,709,kerala
kerala14.jpg,628,960,kerala
kerala15.jpg,799,651,kerala
kerala16.jpg,770,1089,kerala
kerala17.jpg,770,1078,kerala
kerala18.jpg,1500,753,kerala
kerala19.jpg,1868,1820,kerala
kerala2.jpg,500,600,kerala
kerala20.jpg,568,796,kerala
kerala21.jpg,2296,1670,kerala
kerala22.jpg,1672,1146,kerala
kerala23.png,679,1206,kerala
kerala24.jpg,794,1290,kerala
kerala25.jpg,800,850,kerala
kerala26.jpg,800,800,kerala
kerala27.jpg,720,405,kerala
kerala28.jpg,457,527,kerala
kerala29.jpg,1500,2000,kerala
kerala3.jpg,1024,1024,kerala
kerala30.jpg,600,800,kerala
kerala31.jpg,1000,734,kerala
kerala32.jpg,1200,1200,kerala
kerala33.jpg,750,1000,kerala
kerala34.jpg,811,1100,kerala
kerala35.jpg,3550,2359,kerala
kerala36.jpg,1200,1200,kerala
kerala37.jpg,686,386,kerala
kerala38.jpg,1080,1509,kerala
kerala39.jpg,872,1272,kerala
kerala4.jpg,598,598,kerala
kerala40.jpg,3000,2290,kerala
kerala41.jpg,576,300,kerala
kerala42.jpg,800,800,kerala
kerala43.jpg,800,800,kerala
kerala44.jpg,868,1280,kerala
kerala45.jpg,800,600,kerala
kerala46.jpg,1024,683,kerala
kerala47.jpg,619,960,kerala
kerala48.jpg,736,883,kerala
kerala49.jpg,660,400,kerala
kerala5.jpg,598,598,kerala
kerala50.jpg,794,800,kerala
kerala51.jpeg,984,1245,kerala
kerala52.jpeg,500,371,kerala
kerala53.jpg,870,510,kerala
kerala54.jpg,870,510,kerala
kerala55.jpg,1204,1600,kerala
kerala56.jpg,660,400,kerala
kerala57.jpeg,591,1024,kerala
kerala58.jpeg,1280,1240,kerala
kerala59.jpeg,600,800,kerala
kerala6.jpg,472,659,kerala
kerala60.jpg,800,930,kerala
kerala61.jpg,1500,1066,kerala
kerala62.jpg,1077,1500,kerala
kerala63.jpg,500,600,kerala
kerala64.jpg,500,600,kerala
kerala65.jpg,900,546,kerala
kerala66.jpg,640,480,kerala
kerala67.jpg,720,502,kerala
kerala68.jpg,1280,720,kerala
kerala69.jpeg,667,1000,kerala
kerala7.jpg,1024,684,kerala
kerala70.jpg,864,1296,kerala
kerala71.jpg,1200,625,kerala
kerala72.jpg,864,1296,kerala
kerala74.jpg,966,431,kerala
kerala75.jpg,1026,2000,kerala
kerala76.jpg,2000,1280,kerala
kerala77.jpg,1100,860,kerala
kerala78.jpg,1099,1100,kerala
kerala79.jpg,800,800,kerala
kerala8.png,1400,924,kerala
kerala80.jpeg,850,426,kerala
kerala81.jpg,900,505,kerala
kerala82.jpg,800,850,kerala
kerala83.jpg,800,1072,kerala
kerala84.jpeg,966,666,kerala
kerala85.jpg,1106,1600,kerala
kerala86.webp,785,1000,kerala
kerala87.jpg,900,663,kerala
kerala88.jpg,1400,656,kerala
kerala89.jpg,2000,2000,kerala
kerala9.webp,550,550,kerala
kerala90.jpg,2000,2000,kerala
kerala91.jpg,2000,2000,kerala
kerala92.jpg,2000,2000,kerala
kerala93.jpg,720,792,kerala
kerala94.jpg,600,660,kerala
madhubani0.jpg,720,720,madhubani
madhubani1.jpg,1051,1500,madhubani
madhubani10.jpg,904,1500,madhubani
madhubani11.jpg,1200,1200,madhubani
madhubani12.jpg,770,2308,madhubani
madhubani13.jpg,770,994,madhubani
madhubani14.jpeg,787,1000,madhubani
madhubani15.jpg,720,720,madhubani
madhubani16.jpg,2000,2000,madhubani
madhubani17.jpg,1138,1500,madhubani
madhubani18.jpg,2455,1500,madhubani
madhubani19.jpg,2560,2560,madhubani
madhubani2.jpg,622,1500,madhubani
madhubani20.jpg,1588,2288,madhubani
madhubani21.jpg,1080,753,madhubani
madhubani22.png,720,720,madhubani
madhubani23.png,1029,1440,madhubani
madhubani24.png,1041,1457,madhubani
madhubani25.jpg,1080,1142,madhubani
madhubani26.jpg,600,600,madhubani
madhubani27.jpg,1006,1006,madhubani
madhubani28.jpg,745,1051,madhubani
madhubani29.jpg,1500,1500,madhubani
madhubani3.png,600,600,madhubani
madhubani30.jpg,1200,900,madhubani
madhubani31.jpg,800,1154,madhubani
madhubani32.jpg,738,1600,madhubani
madhubani33.jpeg,2068,2800,madhubani
madhubani34.jpg,1006,1006,madhubani
madhubani35.jpg,1500,2000,madhubani
madhubani36.jpg,350,350,madhubani
madhubani37.jpg,736,1064,madhubani
madhubani38.jpg,604,800,madhubani
madhubani39.jpg,750,1000,madhubani
madhubani4.jpg,1120,1500,madhubani
madhubani40.jpg,1000,1000,madhubani
madhubani41.png,447,558,madhubani
madhubani42.jpg,750,1000,madhubani
madhubani43.jpg,843,1200,madhubani
madhubani44.jpg,686,386,madhubani
madhubani45.jpg,640,1137,madhubani
madhubani46.jpg,2439,3000,madhubani
madhubani47.jpg,2500,2000,madhubani
madhubani48.jpg,2046,2048,madhubani
madhubani49.jpg,1874,2560,madhubani
madhubani5.png,1000,1000,madhubani
madhubani50.jpg,663,960,madhubani
madhubani51.jpeg,700,511,madhubani
madhubani52.jpeg,343,252,madhubani
madhubani53.jpg,1080,1080,madhubani
madhubani54.jpg,400,500,madhubani
madhubani55.jpg,509,800,madhubani
madhubani56.jpg,475,621,madhubani
madhubani57.jpeg,869,1187,madhubani
madhubani58.png,600,600,madhubani
madhubani59.png,1080,1080,madhubani
madhubani6.jpg,725,1024,madhubani
madhubani60.jpeg,640,787,madhubani
madhubani61.jpg,689,969,madhubani
madhubani62.jpeg,640,848,madhubani
madhubani63.jpg,500,600,madhubani
madhubani64.jpg,1600,1600,madhubani
madhubani65.jpg,466,700,madhubani
madhubani66.jpg,466,700,madhubani
madhubani67.jpg,466,700,madhubani
madhubani68.jpg,466,700,madhubani
madhubani69.png,446,600,madhubani
madhubani7.jpg,735,1106,madhubani
madhubani70.jpg,1500,2000,madhubani
madhubani71.jpg,1500,2000,madhubani
madhubani72.jpg,1000,1000,madhubani
madhubani73.jpg,400,610,madhubani
madhubani74.jpg,900,1251,madhubani
madhubani76.jpg,899,565,madhubani
madhubani77.jpg,1080,1080,madhubani
madhubani78.jpg,473,500,madhubani
madhubani79.jpg,482,738,madhubani
madhubani8.jpg,750,422,madhubani
madhubani80.jpg,851,1000,madhubani
madhubani81.jpg,1200,1600,madhubani
madhubani82.webp,731,1000,madhubani
madhubani83.jpg,600,318,madhubani
madhubani84.jpg,1200,1200,madhubani
madhubani85.jpeg,655,800,madhubani
madhubani86.jpg,2682,1969,madhubani
madhubani87.webp,512,713,madhubani
madhubani88.jpg,1000,1000,madhubani
madhubani89.webp,512,756,madhubani
madhubani9.jpg,1161,1632,madhubani
madhubani90.jpeg,1280,720,madhubani
madhubani91.jpg,1200,1600,madhubani
madhubani92.jpg,1200,1600,madhubani
madhubani93.jpeg,700,435,madhubani
madhubani94.jpg,700,700,madhubani
madhubani95.jpeg,1000,1250,madhubani
mandana0.jpeg,577,372,mandana
mandana1.jpeg,519,377,mandana
mandana10.jpg,675,1200,mandana
mandana100.jpg,450,450,mandana
mandana101.png,1000,600,mandana
mandana102.jpg,600,956,mandana
mandana103.jpg,1280,864,mandana
mandana104.jpeg,2748,3664,mandana
mandana105.jpg,2577,1450,mandana
mandana106.jpg,953,1190,mandana
mandana107.jpg,1280,720,mandana
mandana108.jpg,1280,720,mandana
mandana109.jpg,1280,720,mandana
mandana11.png,1200,745,mandana
mandana110.jpg,1280,720,mandana
mandana111.jpg,1280,720,mandana
mandana112.jpg,1280,720,mandana
mandana113.png,800,620,mandana
mandana114.png,800,1067,mandana
mandana115.jpg,2500,1368,mandana
mandana117.png,920,550,mandana
mandana118.jpg,360,360,mandana
mandana119.png,1200,1200,mandana
mandana12.jpg,640,640,mandana
mandana120.jpg,360,360,mandana
mandana121.png,500,428,mandana
mandana122.jpeg,623,934,mandana
mandana123.jpg,1132,1470,mandana
mandana124.jpg,1920,1920,mandana
mandana125.png,626,626,mandana
mandana126.webp,828,459,mandana
mandana127.jpg,828,460,mandana
mandana128.jpg,1311,720,mandana
mandana129.jpg,480,480,mandana
mandana13.jpg,1200,1200,mandana
mandana130.png,890,512,mandana
mandana131.jpeg,1728,1152,mandana
mandana132.jpg,800,1067,mandana
mandana133.jpg,800,1023,mandana
mandana134.png,380,384,mandana
mandana135.png,1024,537,mandana
mandana136.png,1024,537,mandana
mandana137.jpg,3468,4624,mandana
mandana138.jpg,887,1280,mandana
mandana139.jpg,887,1280,mandana
mandana14.jpg,360,360,mandana
mandana140.jpeg,640,427,mandana
mandana15.jpg,563,776,mandana
mandana16.jpg,720,563,mandana
mandana17.jpg,770,959,mandana
mandana18.jpg,380,720,mandana
mandana19.jpg,800,617,mandana
mandana2.jpeg,652,364,mandana
mandana20.jpg,1000,1000,mandana
mandana21.jpg,512,512,mandana
mandana22.jpg,600,450,mandana
mandana23.jpg,960,1644,mandana
mandana24.jpg,1920,1080,mandana
mandana25.jpg,1352,880,mandana
mandana26.jpg,1500,1500,mandana
mandana27.webp,1024,1024,mandana
mandana28.jpg,292,292,mandana
mandana29.jpg,375,666,mandana
mandana3.jpg,1944,2592,mandana
mandana30.jpg,200,186,mandana
mandana31.jpg,375,375,mandana
mandana32.jpg,375,375,mandana
mandana33.jpg,288,512,mandana
mandana34.webp,1024,1024,mandana
mandana35.jpg,603,1200,mandana
mandana36.jpg,2252,2560,mandana
mandana37.jpg,1365,2048,mandana
mandana38.jpeg,1555,1037,mandana
mandana39.jpg,770,770,mandana
mandana4.jpg,375,500,mandana
mandana40.jpg,748,720,mandana
mandana41.jpg,479,600,mandana
mandana42.jpg,1080,1080,mandana
mandana43.jpg,845,1630,mandana
mandana44.jpg,1920,1920,mandana
mandana45.jpg,626,584,mandana
mandana46.jpg,600,372,mandana
mandana47.webp,1024,1024,mandana
mandana48.jpg,1440,1253,mandana
mandana49.jpg,2048,1530,mandana
mandana5.jpg,1080,1080,mandana
mandana50.jpeg,734,1000,mandana
mandana51.jpeg,778,1000,mandana
mandana52.png,800,800,mandana
mandana53.jpg,450,450,mandana
mandana54.jpg,2200,1000,mandana
mandana55.jpg,1200,1152,mandana
mandana56.jpg,1200,801,mandana
mandana57.jpg,461,461,mandana
mandana58.jpg,686,386,mandana
mandana59.jpg,570,428,mandana
mandana6.jpg,348,342,mandana
mandana60.jpg,570,570,mandana
mandana61.jpg,3000,3000,mandana
mandana62.png,700,684,mandana
mandana63.png,746,585,mandana
mandana64.jpg,720,1168,mandana
mandana65.jpg,1500,1500,mandana
mandana66.jpg,940,940,mandana
mandana67.jpg,940,940,mandana
mandana68.jpg,1300,941,mandana
mandana69.jpg,385,500,mandana
mandana7.jpg,600,397,mandana
mandana70.jpg,221,280,mandana
mandana71.jpg,1024,682,mandana
mandana72.jpg,800,1067,mandana
mandana73.jpg,800,1067,mandana
mandana74.jpg,1200,713,mandana
mandana75.jpg,338,338,mandana
mandana76.jpg,400,400,mandana
mandana77.webp,562,348,mandana
mandana78.jpg,602,427,mandana
mandana79.jpg,540,540,mandana
mandana8.jpg,1086,1500,mandana
mandana80.jpg,800,800,mandana
mandana81.jpeg,615,827,mandana
mandana82.jpg,755,1132,mandana
mandana83.jpg,480,480,mandana
mandana84.jpg,800,600,mandana
mandana85.jpg,1500,1000,mandana
mandana86.jpg,700,550,mandana
mandana87.jpg,800,1178,mandana
mandana88.png,634,401,mandana
mandana89.jpg,1300,955,mandana
mandana9.webp,561,1000,mandana
mandana90.jpg,815,840,mandana
mandana91.jpeg,940,1280,mandana
mandana92.jpeg,1141,1600,mandana
mandana93.jpeg,1108,1600,mandana
mandana94.jpeg,1038,1038,mandana
mandana95.jpeg,1186,1280,mandana
mandana96.jpeg,1129,1280,mandana
mandana97.jpg,800,450,mandana
mandana98.jpg,1280,1022,mandana
mandana99.jpg,1280,960,mandana
pichwai0.jpg,473,593,pichwai
pichwai1.jpeg,850,960,pichwai
pichwai10.jpeg,750,1000,pichwai
pichwai11.jpg,1500,1497,pichwai
pichwai12.jpg,1500,1497,pichwai
pichwai13.jpg,1124,1500,pichwai
pichwai14.jpg,1500,996,pichwai
pichwai15.jpg,2000,2500,pichwai
pichwai16.jpg,1774,2048,pichwai
pichwai17.jpg,794,1084,pichwai
pichwai18.jpg,420,527,pichwai
pichwai19.jpg,1000,1200,pichwai
pichwai2.jpg,1080,1260,pichwai
pichwai20.jpg,727,800,pichwai
pichwai21.png,800,800,pichwai
pichwai22.jpeg,1000,1000,pichwai
pichwai23.jpg,2000,2000,pichwai
pichwai24.jpg,2224,2944,pichwai
pichwai25.jpg,1500,1500,pichwai
pichwai26.jpg,1500,1500,pichwai
pichwai27.jpg,1431,1909,pichwai
pichwai28.jpg,770,756,pichwai
pichwai29.png,713,1056,pichwai
pichwai3.jpg,512,511,pichwai
pichwai30.jpeg,514,685,pichwai
pichwai31.jpg,2560,2560,pichwai
pichwai32.png,1080,1080,pichwai
pichwai33.jpg,1000,1200,pichwai
pichwai34.jpg,480,600,pichwai
pichwai35.png,760,492,pichwai
pichwai36.jpg,720,1080,pichwai
pichwai37.jpg,1500,1300,pichwai
pichwai38.jpg,1500,1300,pichwai
pichwai39.jpg,845,435,pichwai
pichwai4.png,1946,1946,pichwai
pichwai40.jpg,400,567,pichwai
pichwai41.jpg,1080,1080,pichwai
pichwai42.jpg,3364,3224,pichwai
pichwai43.jpg,875,950,pichwai
pichwai44.jpg,1930,2560,pichwai
pichwai45.jpg,1723,2586,pichwai
pichwai46.jpg,1000,1325,pichwai
pichwai47.webp,512,512,pichwai
pichwai48.jpg,1316,721,pichwai
pichwai49.jpg,570,783,pichwai
pichwai5.jpg,512,511,pichwai
pichwai50.jpg,2023,2418,pichwai
pichwai51.jpg,2004,3000,pichwai
pichwai52.jpg,1024,768,pichwai
pichwai53.jpg,736,981,pichwai
pichwai54.jpg,500,600,pichwai
pichwai55.jpg,698,930,pichwai
pichwai56.jpg,698,930,pichwai
pichwai57.jpg,800,1066,pichwai
pichwai58.jpg,1100,1071,pichwai
pichwai59.jpg,1100,1458,pichwai
pichwai6.jpg,1000,1000,pichwai
pichwai60.jpg,1000,1325,pichwai
pichwai61.jpg,906,1200,pichwai
pichwai62.jpg,1008,1008,pichwai
pichwai63.jpg,701,700,pichwai
pichwai64.jpg,2000,1500,pichwai
pichwai66.jpg,1300,1300,pichwai
pichwai67.jpg,1300,1300,pichwai
pichwai68.jpeg,1233,1973,pichwai
pichwai69.jpeg,1026,1234,pichwai
pichwai7.jpg,550,720,pichwai
pichwai70.jpeg,1280,1174,pichwai
pichwai71.jpg,585,585,pichwai
pichwai72.jpg,649,769,pichwai
pichwai73.jpeg,1276,1037,pichwai
pichwai74.jpg,2000,1846,pichwai
pichwai75.jpg,845,435,pichwai
pichwai76.jpg,800,800,pichwai
pichwai77.jpg,792,792,pichwai
pichwai78.jpg,1946,1946,pichwai
pichwai79.jpg,906,1200,pichwai
pichwai8.jpg,1051,1051,pichwai
pichwai80.jpg,500,600,pichwai
pichwai81.jpg,1280,1280,pichwai
pichwai82.png,316,400,pichwai
pichwai83.jpg,1593,1353,pichwai
pichwai84.jpg,1267,2000,pichwai
pichwai85.jpg,800,1067,pichwai
pichwai86.jpg,1228,2000,pichwai
pichwai87.jpg,772,1018,pichwai
pichwai88.jpg,800,1067,pichwai
pichwai89.jpg,1450,1450,pichwai
pichwai9.jpg,1080,1260,pichwai
pichwai90.jpeg,1237,2000,pichwai
pichwai91.jpeg,842,1280,pichwai
pichwai92.jpg,1100,1100,pichwai
pichwai93.jpg,1000,1000,pichwai
pichwai94.jpg,640,853,pichwai
pichwai95.jpeg,762,1218,pichwai
pichwai96.png,1500,1500,pichwai
1620463880505_WAR0507_1313__96564.1687167413.jpg,1450,1500,warli
1620464275767_WAR0512_1313__83301.1687167405.jpg,1497,1500,warli
1630910493247-jpg-500x500.jpg,500,375,warli
1697527573497.jpg,1280,720,warli
warli10.jpeg,1360,891,warli
warli11.jpg,1000,600,warli
warli12.jpeg,520,520,warli
warli13.jpg,799,533,warli
warli14.jpg,804,604,warli
warli15.jpg,1080,1080,warli
warli16.jpg,288,360,warli
warli17.jpg,480,360,warli
warli18.png,800,500,warli
warli19.jpg,960,711,warli
warli20.jpg,1200,1200,warli
warli21.jpg,1080,1350,warli
warli22.jpg,1079,1075,warli
warli23.jpg,770,577,warli
warli24.jpg,770,770,warli
warli25.jpg,1223,1216,warli
warli26.jpg,1544,1944,warli
warli27.jpg,1500,1499,warli
warli28.jpg,1024,738,warli
warli29.webp,1181,1181,warli
warli30.jpg,2000,2000,warli
warli31.jpg,1280,1240,warli
warli32.jpg,1006,1006,warli
warli33.jpg,800,799,warli
warli34.jpg,1000,884,warli
warli35.jpg,650,280,warli
warli36.jpg,559,280,warli
warli37.jpg,750,1000,warli
warli38.jpeg,778,1000,warli
warli39.jpg,800,823,warli
warli4.jpg,1101,1787,warli
warli40.jpg,800,800,warli
warli41.jpg,2000,2000,warli
warli42.jpg,480,360,warli
warli43.jpg,2236,2236,warli
warli44.jpg,1265,949,warli
warli45.jpg,750,1000,warli
warli46.jpg,570,465,warli
warli47.jpg,2000,2000,warli
warli48.jpg,1200,860,warli
warli49.jpg,1600,1600,warli
warli5.jpg,650,650,warli
warli50.webp,1440,1440,warli
warli51.jpg,528,280,warli
warli52.png,1024,1024,warli
warli53.jpeg,1000,765,warli
warli54.webp,512,512,warli
warli55.jpg,1280,720,warli
warli56.jpg,1280,720,warli
warli58.jpg,1349,896,warli
warli59.jpg,700,933,warli
warli6.jpg,650,650,warli
warli60.jpeg,1227,1280,warli
warli61.jpg,800,800,warli
warli62.png,1080,1394,warli
warli63.png,1080,1420,warli
warli64.jpg,500,500,warli
warli65.jpg,772,401,warli
warli66.jpg,640,480,warli
warli67.jpg,2000,2000,warli
warli68.jpg,1200,1200,warli
warli69.jpg,612,612,warli
warli7.jpg,1000,1000,warli
warli70.webp,2000,1750,warli
warli71.jpg,1000,513,warli
warli72.jpg,1140,881,warli
warli73.jpg,1000,784,warli
warli74.jpg,720,1000,warli
warli75.jpg,2560,1761,warli
warli76.jpg,1600,2133,warli
warli77.jpeg,1280,466,warli
warli78.jpg,2560,1874,warli
warli79.jpg,360,240,warli
warli8.jpeg,808,643,warli
warli80.jpg,1600,1600,warli
warli81.jpg,688,900,warli
warli82.jpg,851,1000,warli
warli83.jpg,800,1000,warli
warli84.jpg,1500,1474,warli
warli85.jpg,1491,1500,warli
warli86.jpg,1142,916,warli
warli87.jpg,1080,1080,warli
warli88.jpg,1080,1080,warli
warli89.jpg,1935,1001,warli
warli9.jpeg,736,761,warli
warli90.jpg,500,600,warli
warli91.jpg,900,526,warli
warli92.jpg,500,600,warli
warli93.jpg,500,600,warli
warli94.jpg,1280,1280,warli
warli95.jpg,1000,1000,warli
warli96.jpg,1000,1000,warli
warli97.jpg,854,860,warli
